epoch,train_loss,valid_loss,accuracy,time
0,0.119249,0.167593,0.944820
1,0.111774,0.168699,0.947168
