epoch,train_loss,valid_loss,accuracy,time
0,0.345907,0.239510,0.916055
1,0.297456,0.280030,0.912239
2,0.290069,0.390960,0.872028
3,0.250555,0.274637,0.914001
4,0.235445,0.190817,0.938069
5,0.189469,0.203264,0.932198
6,0.155437,0.169910,0.945700
7,0.119182,0.166670,0.947168
