epoch,train_loss,valid_loss,accuracy,time
0,0.149312,0.175462,0.944820
1,0.146114,0.194937,0.942178
2,0.131685,0.163045,0.950983
3,0.104412,0.166025,0.952451
4,0.092323,0.165978,0.953331
