epoch,train_loss,valid_loss,accuracy,time
0,0.578454,0.327260,0.886997
1,0.424681,0.300474,0.899912
2,0.345923,0.235558,0.915468
3,0.282433,0.219068,0.923393
4,0.254160,0.213134,0.926915
