epoch,train_loss,valid_loss,accuracy,time
0,0.248155,0.233916,0.914001
1,0.244812,0.240787,0.914881
2,0.202341,0.214860,0.930731
3,0.157789,0.210862,0.928970
4,0.120363,0.211528,0.930731
