epoch,train_loss,valid_loss,accuracy,time
0,0.455370,0.331290,0.886410
1,0.357932,0.253766,0.907250
2,0.285585,0.245315,0.913414
3,0.231877,0.216752,0.925741
4,0.198005,0.212027,0.926328
