epoch,train_loss,valid_loss,accuracy,time
0,0.186770,0.196567,0.932492
1,0.165138,0.187107,0.935134
2,0.137704,0.203709,0.934547
3,0.101794,0.213162,0.935134
4,0.072980,0.213531,0.934547
5,0.048574,0.229437,0.932198
6,0.030983,0.240239,0.939830
7,0.019466,0.249801,0.942471
8,0.013691,0.239436,0.941884
9,0.011279,0.240000,0.943352
