epoch,train_loss,valid_loss,accuracy,time
0,0.779423,0.464960,0.827708
1,0.554907,0.383036,0.854124
2,0.438225,0.319695,0.888758
3,0.372599,0.299665,0.893748
4,0.349816,0.293580,0.894335
