epoch,train_loss,valid_loss,accuracy,time
0,0.338254,0.279887,0.900205
1,0.289052,0.228289,0.918990
2,0.230371,0.223699,0.924567
3,0.176120,0.207939,0.929850
4,0.146343,0.205148,0.929557
