epoch,train_loss,valid_loss,accuracy,time
0,0.113361,0.207469,0.939830
1,0.137514,0.192121,0.934547
2,0.108007,0.190581,0.939830
3,0.067565,0.188030,0.945994
4,0.044038,0.191566,0.944820
